Country,Quality of Life Index,Purchasing Power Index,Safety Index,Health Care Index,Cost of Living Index,Property Price to Income Ratio,Traffic Commute Time Index,Pollution Index,Climate Index
Switzerland,195.3,118.4,78.3,74.8,123.3,8.3,28.5,19.6,80.2
Denmark,192.4,99.5,73.4,80.1,84.1,6.8,28.5,21,81.8
Netherlands,185.4,88,72.1,75.6,75.7,7.2,27.4,25.1,87.1
Finland,185,91,72.7,76.3,73.2,7.9,27.8,12.1,56.6
Australia,183.8,104.6,56.2,78.1,77.7,7.2,34.8,23.9,92.7
Iceland,182.3,77.1,76.5,66.4,94.9,6.4,19.8,15.8,68.8
Germany,180.3,103.1,63.6,73.2,65.6,8.9,31.1,27.8,82.4
Austria,179.2,77.3,73.9,76.7,71,10.7,25.5,21.7,77.1
New Zealand,176.8,83.6,56.7,73.3,74.5,8,30.8,23.6,96.7
Norway,176.4,83.1,66.2,76.8,100.9,8,26.9,17.9,68.7
Sweden,175.3,98.1,51,68.7,71.7,7.8,29.4,18.3,74.9
Estonia,174.2,63.5,76.2,73.3,53.7,9.3,24.5,19.7,64.3
Oman,173.7,84.2,80,58.2,49.4,4.6,22.8,37.2,67.2
Luxembourg,173.6,98.8,64.3,70.8,80.5,13.6,32.7,23.9,82.6
United States,170.7,106.3,51.8,69.1,70.1,4,32.9,35.3,76.8
Japan,169.5,87.1,77.9,80.5,77,11,40.7,38.8,85.3
Slovenia,169,59.5,77.3,65.2,53.9,11.5,26.5,22.9,77.6
Spain,168.5,70,66.1,78.4,53.9,8.8,29.2,39.7,93.8
Czech Republic,162.6,66.5,74.5,75.3,48.2,13.6,29.5,35.9,77.1
Portugal,162.5,46.8,69.4,72,47.9,12.2,29.9,30.5,97.8
Lithuania,161.8,58.7,66.7,71.9,45.6,11,26,26.7,67.8
United Kingdom,161.7,88.8,53.5,74.8,69.7,8.9,34.4,40.2,88.1
Canada,160.4,88,57.1,71.3,70.2,7.5,33.6,28.8,56
United Arab Emirates,160.4,92.2,84.9,68.7,58.3,4.4,36.2,49.7,45.2
Croatia,159.2,47.5,75.9,64.1,48.9,13.9,26.9,31.2,89
France,156.7,85.4,47.6,80.2,74.1,9.9,35.2,42.4,89.7
Qatar,154.5,93.7,86.2,73.5,62.8,6.2,30.1,59.9,36
Ireland,154.5,82.3,54.5,52.3,76.1,6.5,37.9,34.8,89.1
Belgium,151.9,79.7,54.6,75.5,72.6,7.1,36.9,50.1,86
Singapore,151.6,91.3,72.4,71.1,84,17.5,41.2,33.3,57.5
Slovakia,151.2,54.7,69.8,60.3,44.7,11.2,28.2,39.1,78.1
Latvia,150.8,51.6,61.3,62.4,48.5,8.1,31.2,32.7,74.7
Saudi Arabia,149.5,91.8,75.3,60.9,50.4,2.8,28.3,63.8,46
Cyprus,147.1,57.3,67.9,52,59,6.4,22.9,56.9,93.3
Israel,146.1,75.6,67.9,73.8,88.1,13.5,36.4,57.7,94
Italy,141.1,61.7,54.8,66.8,66.5,8.6,33.8,54.1,91.5
Taiwan,140.2,58.3,84.1,86.4,62.4,21.8,31.7,64.7,81.6
Poland,140,60,70.2,57.8,39,11.2,31.8,54.7,76
Hungary,137.1,52,65.7,53.4,40.7,10.9,35.5,47.9,80.3
South Africa,136,78.4,23.9,64,42.1,3.1,39.3,56.6,95.3
Puerto Rico,133.8,72.8,37.8,57.7,66.5,4,34.2,50,71.2
Romania,133.4,48.1,71.2,56.2,35.2,10.4,33.6,58.6,77.6
Bulgaria,130.1,46,61.3,56.4,38.4,7.7,29.4,64.3,82.8
Greece,129.2,39.7,52.6,57.3,56.2,10.1,33.8,51.9,94.2
Bosnia And Herzegovina,127.1,44.1,57.8,54.3,36.1,10.8,26,60.9,80.5
South Korea,125,76.9,73.5,82.7,73.2,29.4,40,62.4,68.4
Mexico,124.9,38.6,46.3,72.8,35.3,8.7,39.3,58.5,84
Turkey,124.1,32.9,60.3,70.8,28.3,10.3,44.2,65.5,93.8
Uruguay,122.3,30.1,48.6,68.4,52.1,20.1,37.3,45.2,98
Costa Rica,122.1,39.9,46.1,62.7,47,10.6,60.2,44.7,99.5
Georgia,121.1,31.1,75.7,54.2,30.2,12,35.4,69.3,84.2
Ecuador,118.8,31.8,42.8,69.3,37.3,12.5,38.9,58.2,94.5
Malaysia,118,55.3,44.3,70.1,37,9.8,37.2,62.1,57.5
Kuwait,117.3,78.6,66.6,59.4,48.7,12.3,33.3,66.1,20.2
Serbia,117.2,37.8,61.7,52.5,36.2,16.5,30.8,62.9,83.2
Tunisia,114.6,27.8,55.7,56.5,27.9,11.7,32.7,70.8,93.2
Panama,114.3,33.1,56.1,61.1,51.4,11.2,37.1,58.7,67.8
Jordan,113.9,31.3,59.8,65.6,49.2,8,41.2,76.3,89
Ukraine,111.9,37.2,53.1,54.3,30.7,10.9,37.7,62.9,70.7
India,111,49.7,55.4,65.7,24.4,10.2,46.5,73.1,65.1
North Macedonia,109.6,35.4,59.1,55.8,31.4,12.5,26.3,79.7,76.3
Malta,109.5,44.2,59.2,45.6,67.8,13.1,29.1,81,97.4
Belarus,108.5,31.8,41.6,45.6,30.9,16.7,30.2,44.8,64.4
Morocco,107.5,34.4,50.9,46.7,33.8,12.6,36.3,69.3,90
Brazil,107,27.8,33,57.8,33.2,16.3,41.3,53.8,97.2
Argentina,105.4,30.7,35.9,69.3,34.7,26,43.3,51.2,98.3
China,105.1,60,70.6,66.4,41.8,29,40,80.6,78.4
Azerbaijan,104.1,27.3,67.7,44.8,29.7,16.8,39.6,74.3,91.4
Colombia,103.5,28.9,42.3,67.2,26.7,16.9,47.8,63,88.3
Russia,103.3,37.4,60.4,59.1,35.3,14.8,44.5,61.8,48.9
Pakistan,102.6,26.6,58,59.6,19.9,14.3,37.8,73.7,70.4
Thailand,101,31.6,60.7,77.6,43.2,21.7,39.6,75.5,69.4
Chile,100.1,33.3,46,64,43.9,17.2,35.8,78.5,90.2
Lebanon,99.3,35.1,53.1,62.7,69.6,12.2,38.5,89.3,94.7
Hong Kong,98.4,65.7,78.1,66.3,80.7,46.9,42.6,67.6,83.6
Kazakhstan,93.8,32.2,46.6,60,28.7,10.5,34.7,73.4,39.8
Kenya,92.5,32.2,43.8,63.4,33.9,24.2,54,69.3,99.8
Indonesia,90.4,21.1,53.9,60.4,35.9,21.9,43.5,67.2,68.5
Vietnam,90,29.4,54.2,58.9,37.5,20.5,29.8,85.5,71.2
Egypt,89.9,21.5,53.4,47,29.5,12,48.4,83.6,92
Philippines,83.7,21.5,57.7,67.5,37.1,29.6,43.1,73.4,69.3
Peru,80.4,28.2,32.9,56.2,32.5,19.5,48.8,82.9,97.7
Venezuela,77.4,15.4,16.4,39.3,43.2,14.4,34.1,75.4,99.9
Sri Lanka,67.9,19.3,58.8,72.1,31.3,46,57.1,60.2,59.1
Bangladesh,67.6,25.3,36.6,42.3,33.1,13.5,55.9,85,71.3
Iran,64.9,18,50.9,52.3,37.4,33,47.1,75.4,65.7
Nigeria,52.4,9.3,36.2,48.5,30.5,16.1,62,88.3,60.8
